path,working_tree_status,classification,bytes,sha256,duplicate_group,baseline_paths_with_same_sha256,ffprobe_status,codec,width,height,duration_seconds,decision,decision_basis
assets/backgrounds/background-boxe.mp4,present,background source asset,9788320,c5ccaa3a024059a081923ffc25786642b8ed597e6d25ba3ac7cca92e896fbcba,,1,pass,h264,1920,1080,15.000000,retain,used as pipeline source; preserve
assets/backgrounds/background-crime.mp4,present,background source asset,9908281,9080390bfdfbda049f4926189d4e05c57e01e50b525cdf0cde02970a86192529,,1,pass,h264,1920,1080,15.000000,retain,used as pipeline source; preserve
assets/backgrounds/background-discovery.mp4,present,background source asset,6869532,4e6e3b9c9e3d72852841e3d07009347ce905d3f6445ca3ef6eaf6927a51bb93c,,1,pass,h264,1920,1080,15.000000,retain,used as pipeline source; preserve
assets/backgrounds/background-music.mp4,present,background source asset,12886468,bbdc74d29cd0bcf0e439c20ddcfba97902e2cb81b382ccd0687853dd26808990,,1,pass,h264,1920,1080,15.000000,retain,used as pipeline source; preserve
assets/backgrounds/background-wwe.mp4,present,background source asset,20954301,193626b148a92da7764a21f61898dbd609009ae62ee8a5112bd21a2987070c5a,,1,pass,h264,1920,1080,15.000000,retain,used as pipeline source; preserve
mike_tyson_overlay_test/preset_overlays_v1/renders/images/tyson-overlays-20260916-v3-image-01.mp4,present,Tyson corpus render/evidence,893780,a94b465353b99a854c841bb1966b86a778f29d1f7cba07ab8551a892106e1eb2,,1,pass,h264,1920,1080,5.000000,retain,linked from timing/report; retain pending archive/owner retention
mike_tyson_overlay_test/preset_overlays_v1/renders/images/tyson-overlays-20260916-v3-image-02.mp4,present,Tyson corpus render/evidence,472595,1dd6e272d94441762076ffe54910e17df9b1ba7d35e564886187f8feea44602c,,1,pass,h264,1920,1080,5.000000,retain,linked from timing/report; retain pending archive/owner retention
mike_tyson_overlay_test/preset_overlays_v1/renders/images/tyson-overlays-20260916-v3-image-03.mp4,present,Tyson corpus render/evidence,893017,5a622cdd5e12d817bdaa74151fb150e9ce0381f8ece7b7808a78b911ca5dbd97,,1,pass,h264,1920,1080,5.000000,retain,linked from timing/report; retain pending archive/owner retention
mike_tyson_overlay_test/preset_overlays_v1/renders/images/tyson-overlays-20260916-v3-image-04.mp4,present,Tyson corpus render/evidence,569431,b140c2108188a6710ed94b6edb013cae9750764f9f1b94ba4d52776f600f963c,,1,pass,h264,1920,1080,5.000000,retain,linked from timing/report; retain pending archive/owner retention
mike_tyson_overlay_test/preset_overlays_v1/renders/images/tyson-overlays-20260916-v3-image-05.mp4,present,Tyson corpus render/evidence,850428,97c92a0b29de1b7eb593b180a1448cedd7d5983ee866a396d921dcee86fea6c8,,1,pass,h264,1920,1080,5.000000,retain,linked from timing/report; retain pending archive/owner retention
mike_tyson_overlay_test/preset_overlays_v1/renders/phrases/tyson-overlays-20260916-v3-phrase-01.mp4,present,Tyson corpus render/evidence,238649,02c25c77d96517b2e9c2083e5fb39964cdf1bd7e1c72bc0d82af3039407f47f4,,1,pass,h264,1920,1080,5.000000,retain,linked from timing/report; retain pending archive/owner retention
mike_tyson_overlay_test/preset_overlays_v1/renders/phrases/tyson-overlays-20260916-v3-phrase-02.mp4,present,Tyson corpus render/evidence,207178,9073f019f375df8da78ebbd14fc0eab0d108f440afec24686f92032276c2752c,,1,pass,h264,1920,1080,5.000000,retain,linked from timing/report; retain pending archive/owner retention
mike_tyson_overlay_test/preset_overlays_v1/renders/phrases/tyson-overlays-20260916-v3-phrase-03.mp4,present,Tyson corpus render/evidence,238868,a2f02a37f85a6485d10312d45c0fe7e4cbc9a0a2d88c0d81cc26df7e14625ef0,,1,pass,h264,1920,1080,5.000000,retain,linked from timing/report; retain pending archive/owner retention
mike_tyson_overlay_test/preset_overlays_v1/renders/phrases/tyson-overlays-20260916-v3-phrase-04.mp4,present,Tyson corpus render/evidence,352954,a0d3cfa7dc2b1dea16ae23752a41654381437771803f00199e91b27d5fa483ff,,1,pass,h264,1920,1080,5.000000,retain,linked from timing/report; retain pending archive/owner retention
mike_tyson_overlay_test/preset_overlays_v1/renders/phrases/tyson-overlays-20260916-v3-phrase-05.mp4,present,Tyson corpus render/evidence,403941,352b49ff21741572fe147dafbd9b056829934d551114b8fafe62c421ba049a3b,,1,pass,h264,1920,1080,5.000000,retain,linked from timing/report; retain pending archive/owner retention
mike_tyson_overlay_test/preset_overlays_v1/renders/phrases/tyson-overlays-20260916-v3-phrase-06.mp4,present,Tyson corpus render/evidence,274461,e51698aa15e7b9573c55079c3922bc6d1a56b29a0543f7903bff2fc2932aab02,,1,pass,h264,1920,1080,5.000000,retain,linked from timing/report; retain pending archive/owner retention
mike_tyson_overlay_test/preset_overlays_v1/renders/phrases/tyson-overlays-20260916-v3-phrase-07.mp4,present,Tyson corpus render/evidence,307540,f07d3dc1b6c35495adf75dc152b26cafc79e1739b91d383112cf2201dea3688f,,1,pass,h264,1920,1080,5.000000,retain,linked from timing/report; retain pending archive/owner retention
mike_tyson_overlay_test/preset_overlays_v1/renders/phrases/tyson-overlays-20260916-v3-phrase-08.mp4,present,Tyson corpus render/evidence,251489,115932cb26c4f16460baff3cf7bbfdcfa52c879cda32f72f9d02229856e7ecb7,,1,pass,h264,1920,1080,5.000000,retain,linked from timing/report; retain pending archive/owner retention
mike_tyson_overlay_test/preset_overlays_v1/renders/phrases/tyson-overlays-20260916-v3-phrase-09.mp4,present,Tyson corpus render/evidence,174406,c1df495fdde18bf1c791ca45455340c15438650bc44382f1cb136521278eeda4,,1,pass,h264,1920,1080,5.000000,retain,linked from timing/report; retain pending archive/owner retention
mike_tyson_overlay_test/preset_overlays_v1/renders/phrases/tyson-overlays-20260916-v3-phrase-10.mp4,present,Tyson corpus render/evidence,385876,4da4484575de3d03c4f15f1310e45c5c19aa6448e08d7762500308e26e47fd85,,1,pass,h264,1920,1080,5.000000,retain,linked from timing/report; retain pending archive/owner retention
multilingual_overlays_v1/production_rehearsal_v1/extracted_v3_probe_artifacts_final/phrases/phrases/ml-production-rehearsal-extracted-v3-probe-20260920-phrase_01_lower_third_safe__de.mp4,present,multilingual render/evidence,454243,35e872292c99e351a00333d995821c0919b6f4ac3b11e743efa08513c2ff976e,35e872292c99e351a00333d995821c0919b6f4ac3b11e743efa08513c2ff976e,4,pass,h264,1920,1080,5.000000,retain,linked from report/snapshot and historical evidence; retain pending archive/owner retention
multilingual_overlays_v1/production_rehearsal_v1/extracted_v3_probe_artifacts_final/phrases/phrases/ml-production-rehearsal-extracted-v3-probe-20260920-phrase_01_lower_third_safe__en.mp4,present,multilingual render/evidence,422684,cb9eee631bcf795bcff7ecc1cfe161d636fe0022e418b6fbfc99f2d44397a2b7,cb9eee631bcf795bcff7ecc1cfe161d636fe0022e418b6fbfc99f2d44397a2b7,4,pass,h264,1920,1080,5.000000,retain,linked from report/snapshot and historical evidence; retain pending archive/owner retention
multilingual_overlays_v1/production_rehearsal_v1/extracted_v3_probe_artifacts_final/phrases/phrases/ml-production-rehearsal-extracted-v3-probe-20260920-phrase_01_lower_third_safe__es.mp4,present,multilingual render/evidence,544444,f159a543b1343c03633d4dd6928a7fa8f2056c7f67d083e0a56538e53442b106,f159a543b1343c03633d4dd6928a7fa8f2056c7f67d083e0a56538e53442b106,4,pass,h264,1920,1080,5.000000,retain,linked from report/snapshot and historical evidence; retain pending archive/owner retention
multilingual_overlays_v1/production_rehearsal_v1/extracted_v3_probe_artifacts_final/phrases/phrases/ml-production-rehearsal-extracted-v3-probe-20260920-phrase_01_lower_third_safe__fr.mp4,present,multilingual render/evidence,726461,6b9c63380c87b043b962870b9deaced28769df8138d606343a730002b45432d8,6b9c63380c87b043b962870b9deaced28769df8138d606343a730002b45432d8,4,pass,h264,1920,1080,5.000000,retain,linked from report/snapshot and historical evidence; retain pending archive/owner retention
multilingual_overlays_v1/production_rehearsal_v1/extracted_v3_probe_artifacts_final/phrases/phrases/ml-production-rehearsal-extracted-v3-probe-20260920-phrase_01_lower_third_safe__id.mp4,present,multilingual render/evidence,503485,f0f8166844297fac27b85118968b6980f4a4fd4b0943eb589ad1e30b8b43dfd1,f0f8166844297fac27b85118968b6980f4a4fd4b0943eb589ad1e30b8b43dfd1,4,pass,h264,1920,1080,5.000000,retain,linked from report/snapshot and historical evidence; retain pending archive/owner retention
multilingual_overlays_v1/production_rehearsal_v1/extracted_v3_probe_artifacts_final/phrases/phrases/ml-production-rehearsal-extracted-v3-probe-20260920-phrase_01_lower_third_safe__it.mp4,present,multilingual render/evidence,495864,db21562fbb01d0f9ed3173e3b508d395d583ea6eb773556f9e46a33e2f869c55,db21562fbb01d0f9ed3173e3b508d395d583ea6eb773556f9e46a33e2f869c55,4,pass,h264,1920,1080,5.000000,retain,linked from report/snapshot and historical evidence; retain pending archive/owner retention
multilingual_overlays_v1/production_rehearsal_v1/extracted_v3_probe_artifacts_final/phrases/phrases/ml-production-rehearsal-extracted-v3-probe-20260920-phrase_01_lower_third_safe__pl.mp4,present,multilingual render/evidence,513567,c468ebe318198c09818541c486b9ed183283e9f8a5c845f147e15d24c180e1be,c468ebe318198c09818541c486b9ed183283e9f8a5c845f147e15d24c180e1be,4,pass,h264,1920,1080,5.000000,retain,linked from report/snapshot and historical evidence; retain pending archive/owner retention
multilingual_overlays_v1/production_rehearsal_v1/extracted_v3_probe_artifacts_final/phrases/phrases/ml-production-rehearsal-extracted-v3-probe-20260920-phrase_01_lower_third_safe__pt-BR.mp4,present,multilingual render/evidence,520470,40f66075e50d02c2c2c59eb00162c6f22eb87586f1371499fdd8ec454785fa6b,40f66075e50d02c2c2c59eb00162c6f22eb87586f1371499fdd8ec454785fa6b,4,pass,h264,1920,1080,5.000000,retain,linked from report/snapshot and historical evidence; retain pending archive/owner retention
multilingual_overlays_v1/production_rehearsal_v1/extracted_v3_probe_artifacts_final/phrases/phrases/ml-production-rehearsal-extracted-v3-probe-20260920-phrase_01_lower_third_safe__ru.mp4,present,multilingual render/evidence,760802,103917f3f8fae2bb7fc1cdac57d7dd18c27c9f42d13bbfdf03d7d02f71bb4b77,103917f3f8fae2bb7fc1cdac57d7dd18c27c9f42d13bbfdf03d7d02f71bb4b77,3,pass,h264,1920,1080,5.000000,retain,linked from report/snapshot and historical evidence; retain pending archive/owner retention
multilingual_overlays_v1/production_rehearsal_v1/extracted_v3_probe_artifacts_final/phrases/phrases/ml-production-rehearsal-extracted-v3-probe-20260920-phrase_01_lower_third_safe__tr.mp4,present,multilingual render/evidence,425615,49eb8fad7f570d5a77f01973665abb172678eabeeb530939ec366862ae8e1d02,49eb8fad7f570d5a77f01973665abb172678eabeeb530939ec366862ae8e1d02,4,pass,h264,1920,1080,5.000000,retain,linked from report/snapshot and historical evidence; retain pending archive/owner retention
multilingual_overlays_v1/production_rehearsal_v1/extractor_phrase_artifacts/phrases/phrases/ml-production-rehearsal-extracted-20260920-phrase_01_lower_third_safe__de.mp4,present,multilingual render/evidence,454243,35e872292c99e351a00333d995821c0919b6f4ac3b11e743efa08513c2ff976e,35e872292c99e351a00333d995821c0919b6f4ac3b11e743efa08513c2ff976e,4,pass,h264,1920,1080,5.000000,retain,linked from report/snapshot and historical evidence; retain pending archive/owner retention
multilingual_overlays_v1/production_rehearsal_v1/extractor_phrase_artifacts/phrases/phrases/ml-production-rehearsal-extracted-20260920-phrase_01_lower_third_safe__en.mp4,present,multilingual render/evidence,422684,cb9eee631bcf795bcff7ecc1cfe161d636fe0022e418b6fbfc99f2d44397a2b7,cb9eee631bcf795bcff7ecc1cfe161d636fe0022e418b6fbfc99f2d44397a2b7,4,pass,h264,1920,1080,5.000000,retain,linked from report/snapshot and historical evidence; retain pending archive/owner retention
multilingual_overlays_v1/production_rehearsal_v1/extractor_phrase_artifacts/phrases/phrases/ml-production-rehearsal-extracted-20260920-phrase_01_lower_third_safe__es.mp4,present,multilingual render/evidence,544444,f159a543b1343c03633d4dd6928a7fa8f2056c7f67d083e0a56538e53442b106,f159a543b1343c03633d4dd6928a7fa8f2056c7f67d083e0a56538e53442b106,4,pass,h264,1920,1080,5.000000,retain,linked from report/snapshot and historical evidence; retain pending archive/owner retention
multilingual_overlays_v1/production_rehearsal_v1/extractor_phrase_artifacts/phrases/phrases/ml-production-rehearsal-extracted-20260920-phrase_01_lower_third_safe__fr.mp4,present,multilingual render/evidence,726461,6b9c63380c87b043b962870b9deaced28769df8138d606343a730002b45432d8,6b9c63380c87b043b962870b9deaced28769df8138d606343a730002b45432d8,4,pass,h264,1920,1080,5.000000,retain,linked from report/snapshot and historical evidence; retain pending archive/owner retention
multilingual_overlays_v1/production_rehearsal_v1/extractor_phrase_artifacts/phrases/phrases/ml-production-rehearsal-extracted-20260920-phrase_01_lower_third_safe__id.mp4,present,multilingual render/evidence,503485,f0f8166844297fac27b85118968b6980f4a4fd4b0943eb589ad1e30b8b43dfd1,f0f8166844297fac27b85118968b6980f4a4fd4b0943eb589ad1e30b8b43dfd1,4,pass,h264,1920,1080,5.000000,retain,linked from report/snapshot and historical evidence; retain pending archive/owner retention
multilingual_overlays_v1/production_rehearsal_v1/extractor_phrase_artifacts/phrases/phrases/ml-production-rehearsal-extracted-20260920-phrase_01_lower_third_safe__it.mp4,present,multilingual render/evidence,495864,db21562fbb01d0f9ed3173e3b508d395d583ea6eb773556f9e46a33e2f869c55,db21562fbb01d0f9ed3173e3b508d395d583ea6eb773556f9e46a33e2f869c55,4,pass,h264,1920,1080,5.000000,retain,linked from report/snapshot and historical evidence; retain pending archive/owner retention
multilingual_overlays_v1/production_rehearsal_v1/extractor_phrase_artifacts/phrases/phrases/ml-production-rehearsal-extracted-20260920-phrase_01_lower_third_safe__pl.mp4,present,multilingual render/evidence,513567,c468ebe318198c09818541c486b9ed183283e9f8a5c845f147e15d24c180e1be,c468ebe318198c09818541c486b9ed183283e9f8a5c845f147e15d24c180e1be,4,pass,h264,1920,1080,5.000000,retain,linked from report/snapshot and historical evidence; retain pending archive/owner retention
multilingual_overlays_v1/production_rehearsal_v1/extractor_phrase_artifacts/phrases/phrases/ml-production-rehearsal-extracted-20260920-phrase_01_lower_third_safe__pt-BR.mp4,present,multilingual render/evidence,520470,40f66075e50d02c2c2c59eb00162c6f22eb87586f1371499fdd8ec454785fa6b,40f66075e50d02c2c2c59eb00162c6f22eb87586f1371499fdd8ec454785fa6b,4,pass,h264,1920,1080,5.000000,retain,linked from report/snapshot and historical evidence; retain pending archive/owner retention
multilingual_overlays_v1/production_rehearsal_v1/extractor_phrase_artifacts/phrases/phrases/ml-production-rehearsal-extracted-20260920-phrase_01_lower_third_safe__tr.mp4,present,multilingual render/evidence,425615,49eb8fad7f570d5a77f01973665abb172678eabeeb530939ec366862ae8e1d02,49eb8fad7f570d5a77f01973665abb172678eabeeb530939ec366862ae8e1d02,4,pass,h264,1920,1080,5.000000,retain,linked from report/snapshot and historical evidence; retain pending archive/owner retention
multilingual_overlays_v1/production_rehearsal_v1/extractor_phrase_artifacts/phrases/phrases/ml-production-rehearsal-extracted-20260920-phrase_02_clean_slide_up__de.mp4,present,multilingual render/evidence,515163,5d0d6ea8532c6f63a83ebeac3bfb94700619239808ce413b5a316b6a0349c01f,5d0d6ea8532c6f63a83ebeac3bfb94700619239808ce413b5a316b6a0349c01f,3,pass,h264,1920,1080,5.000000,retain,linked from report/snapshot and historical evidence; retain pending archive/owner retention
multilingual_overlays_v1/production_rehearsal_v1/extractor_phrase_artifacts/phrases/phrases/ml-production-rehearsal-extracted-20260920-phrase_02_clean_slide_up__en.mp4,present,multilingual render/evidence,644074,d41ae95b4b9ccad1a2932ac0e139222ae2f18f1d2f8243abcdaa6d58e89587d3,d41ae95b4b9ccad1a2932ac0e139222ae2f18f1d2f8243abcdaa6d58e89587d3,3,pass,h264,1920,1080,5.000000,retain,linked from report/snapshot and historical evidence; retain pending archive/owner retention
multilingual_overlays_v1/production_rehearsal_v1/extractor_phrase_artifacts/phrases/phrases/ml-production-rehearsal-extracted-20260920-phrase_02_clean_slide_up__es.mp4,present,multilingual render/evidence,644620,cc04d3c9abf93639373f10b42dc82c79e4b9db2e9cfbda805eba3743af4295a2,cc04d3c9abf93639373f10b42dc82c79e4b9db2e9cfbda805eba3743af4295a2,3,pass,h264,1920,1080,5.000000,retain,linked from report/snapshot and historical evidence; retain pending archive/owner retention
multilingual_overlays_v1/production_rehearsal_v1/extractor_phrase_artifacts/phrases/phrases/ml-production-rehearsal-extracted-20260920-phrase_02_clean_slide_up__fr.mp4,present,multilingual render/evidence,720455,07d3b5b6e1ac1a2ede08797071257ccceb57b12c78b275687a9514c8b971732c,07d3b5b6e1ac1a2ede08797071257ccceb57b12c78b275687a9514c8b971732c,3,pass,h264,1920,1080,5.000000,retain,linked from report/snapshot and historical evidence; retain pending archive/owner retention
multilingual_overlays_v1/production_rehearsal_v1/extractor_phrase_artifacts/phrases/phrases/ml-production-rehearsal-extracted-20260920-phrase_02_clean_slide_up__id.mp4,present,multilingual render/evidence,510462,ff6692e6e2282ed27fab2b762a9487f91bcaa4e7d999e01dfecdef1ddc68b3ba,ff6692e6e2282ed27fab2b762a9487f91bcaa4e7d999e01dfecdef1ddc68b3ba,3,pass,h264,1920,1080,5.000000,retain,linked from report/snapshot and historical evidence; retain pending archive/owner retention
multilingual_overlays_v1/production_rehearsal_v1/extractor_phrase_artifacts/phrases/phrases/ml-production-rehearsal-extracted-20260920-phrase_02_clean_slide_up__it.mp4,present,multilingual render/evidence,705803,5cd5817fbbcc31d95796be262e72b8bef1fde67225a7cb39b368e4743012bb25,5cd5817fbbcc31d95796be262e72b8bef1fde67225a7cb39b368e4743012bb25,3,pass,h264,1920,1080,5.000000,retain,linked from report/snapshot and historical evidence; retain pending archive/owner retention
multilingual_overlays_v1/production_rehearsal_v1/extractor_phrase_artifacts/phrases/phrases/ml-production-rehearsal-extracted-20260920-phrase_02_clean_slide_up__pl.mp4,present,multilingual render/evidence,551400,a9ed3ff22a571825b83a571accb1f53ccfd4e4bfa0fa7b0e6c59d879af608f25,a9ed3ff22a571825b83a571accb1f53ccfd4e4bfa0fa7b0e6c59d879af608f25,3,pass,h264,1920,1080,5.000000,retain,linked from report/snapshot and historical evidence; retain pending archive/owner retention
multilingual_overlays_v1/production_rehearsal_v1/extractor_phrase_artifacts/phrases/phrases/ml-production-rehearsal-extracted-20260920-phrase_02_clean_slide_up__pt-BR.mp4,present,multilingual render/evidence,974230,ebc363b9fd6222cf135280702c4e79600884e45a6c8a0c5921317a868144c748,ebc363b9fd6222cf135280702c4e79600884e45a6c8a0c5921317a868144c748,3,pass,h264,1920,1080,5.000000,retain,linked from report/snapshot and historical evidence; retain pending archive/owner retention
multilingual_overlays_v1/production_rehearsal_v1/extractor_phrase_artifacts/phrases/phrases/ml-production-rehearsal-extracted-20260920-phrase_02_clean_slide_up__tr.mp4,present,multilingual render/evidence,503545,dbf58b359b0af79d3ef66c8b38e0bb60c628b025d3a32ea31df13ce55b68e1a7,dbf58b359b0af79d3ef66c8b38e0bb60c628b025d3a32ea31df13ce55b68e1a7,3,pass,h264,1920,1080,5.000000,retain,linked from report/snapshot and historical evidence; retain pending archive/owner retention
multilingual_overlays_v1/production_rehearsal_v1/extractor_phrase_artifacts/phrases/phrases/ml-production-rehearsal-extracted-20260920-phrase_03_scale_pop__de.mp4,present,multilingual render/evidence,603744,a5947402263c2deaeaa4312a85c27327102c700d3e8b979ffc15250f51fcf8eb,a5947402263c2deaeaa4312a85c27327102c700d3e8b979ffc15250f51fcf8eb,3,pass,h264,1920,1080,5.000000,retain,linked from report/snapshot and historical evidence; retain pending archive/owner retention
multilingual_overlays_v1/production_rehearsal_v1/extractor_phrase_artifacts/phrases/phrases/ml-production-rehearsal-extracted-20260920-phrase_03_scale_pop__en.mp4,present,multilingual render/evidence,515310,46d32625f307271155c1a0dcb8a0105f65743d35b5c6dfb0e98862f4ae8d0f9f,46d32625f307271155c1a0dcb8a0105f65743d35b5c6dfb0e98862f4ae8d0f9f,3,pass,h264,1920,1080,5.000000,retain,linked from report/snapshot and historical evidence; retain pending archive/owner retention
multilingual_overlays_v1/production_rehearsal_v1/extractor_phrase_artifacts/phrases/phrases/ml-production-rehearsal-extracted-20260920-phrase_03_scale_pop__es.mp4,present,multilingual render/evidence,560155,c69ff436a929792bff0e5cfa8861bba7621b0f2ffd106f863d9113647ad4e7a5,c69ff436a929792bff0e5cfa8861bba7621b0f2ffd106f863d9113647ad4e7a5,3,pass,h264,1920,1080,5.000000,retain,linked from report/snapshot and historical evidence; retain pending archive/owner retention
multilingual_overlays_v1/production_rehearsal_v1/extractor_phrase_artifacts/phrases/phrases/ml-production-rehearsal-extracted-20260920-phrase_03_scale_pop__fr.mp4,present,multilingual render/evidence,608118,024add67b4156ffeed1b98afad8291bc53663c33018467b85f417fa242375f62,024add67b4156ffeed1b98afad8291bc53663c33018467b85f417fa242375f62,3,pass,h264,1920,1080,5.000000,retain,linked from report/snapshot and historical evidence; retain pending archive/owner retention
multilingual_overlays_v1/production_rehearsal_v1/extractor_phrase_artifacts/phrases/phrases/ml-production-rehearsal-extracted-20260920-phrase_03_scale_pop__id.mp4,present,multilingual render/evidence,560405,5f7b56eb126a0e7503dddc76cd31b6157b4f621e5ceb8417ded60956f8bd531e,5f7b56eb126a0e7503dddc76cd31b6157b4f621e5ceb8417ded60956f8bd531e,3,pass,h264,1920,1080,5.000000,retain,linked from report/snapshot and historical evidence; retain pending archive/owner retention
multilingual_overlays_v1/production_rehearsal_v1/extractor_phrase_artifacts/phrases/phrases/ml-production-rehearsal-extracted-20260920-phrase_03_scale_pop__it.mp4,present,multilingual render/evidence,552693,cb60c6058dda0c32cf4e5af87e0cdffc4208fd367a130d9c9e6aa7bec6892c01,cb60c6058dda0c32cf4e5af87e0cdffc4208fd367a130d9c9e6aa7bec6892c01,3,pass,h264,1920,1080,5.000000,retain,linked from report/snapshot and historical evidence; retain pending archive/owner retention
multilingual_overlays_v1/production_rehearsal_v1/extractor_phrase_artifacts/phrases/phrases/ml-production-rehearsal-extracted-20260920-phrase_03_scale_pop__pl.mp4,present,multilingual render/evidence,745084,80f384f7689e4eaa0a783f97bbb754989a41fca5fd0856ac89ea6a08ea63cb9e,80f384f7689e4eaa0a783f97bbb754989a41fca5fd0856ac89ea6a08ea63cb9e,3,pass,h264,1920,1080,5.000000,retain,linked from report/snapshot and historical evidence; retain pending archive/owner retention
multilingual_overlays_v1/production_rehearsal_v1/extractor_phrase_artifacts/phrases/phrases/ml-production-rehearsal-extracted-20260920-phrase_03_scale_pop__pt-BR.mp4,present,multilingual render/evidence,570747,442a431b350d80fa39b85f007a344f6b9f3335396215d7becf675e244f41d48e,442a431b350d80fa39b85f007a344f6b9f3335396215d7becf675e244f41d48e,3,pass,h264,1920,1080,5.000000,retain,linked from report/snapshot and historical evidence; retain pending archive/owner retention
multilingual_overlays_v1/production_rehearsal_v1/extractor_phrase_artifacts/phrases/phrases/ml-production-rehearsal-extracted-20260920-phrase_03_scale_pop__tr.mp4,present,multilingual render/evidence,363021,cac845e645bffda0c7db2ddbdfa99111ec9465e57d85afe26be5735ba376bf20,cac845e645bffda0c7db2ddbdfa99111ec9465e57d85afe26be5735ba376bf20,3,pass,h264,1920,1080,5.000000,retain,linked from report/snapshot and historical evidence; retain pending archive/owner retention
multilingual_overlays_v1/production_rehearsal_v1/extractor_phrase_artifacts_v4/phrase_01_lower_third_safe__de.mp4,removed_duplicate,multilingual render/evidence,454243,35e872292c99e351a00333d995821c0919b6f4ac3b11e743efa08513c2ff976e,35e872292c99e351a00333d995821c0919b6f4ac3b11e743efa08513c2ff976e,4,pass,h264,1920,1080,5.000000,remove_duplicate,byte-identical to canonical same-directory collection linked from extractor_phrase_report_v4.json; exact SHA-256 pairing verified; flat paths unreferenced outside inventory
multilingual_overlays_v1/production_rehearsal_v1/extractor_phrase_artifacts_v4/phrase_01_lower_third_safe__en.mp4,removed_duplicate,multilingual render/evidence,422684,cb9eee631bcf795bcff7ecc1cfe161d636fe0022e418b6fbfc99f2d44397a2b7,cb9eee631bcf795bcff7ecc1cfe161d636fe0022e418b6fbfc99f2d44397a2b7,4,pass,h264,1920,1080,5.000000,remove_duplicate,byte-identical to canonical same-directory collection linked from extractor_phrase_report_v4.json; exact SHA-256 pairing verified; flat paths unreferenced outside inventory
multilingual_overlays_v1/production_rehearsal_v1/extractor_phrase_artifacts_v4/phrase_01_lower_third_safe__es.mp4,removed_duplicate,multilingual render/evidence,544444,f159a543b1343c03633d4dd6928a7fa8f2056c7f67d083e0a56538e53442b106,f159a543b1343c03633d4dd6928a7fa8f2056c7f67d083e0a56538e53442b106,4,pass,h264,1920,1080,5.000000,remove_duplicate,byte-identical to canonical same-directory collection linked from extractor_phrase_report_v4.json; exact SHA-256 pairing verified; flat paths unreferenced outside inventory
multilingual_overlays_v1/production_rehearsal_v1/extractor_phrase_artifacts_v4/phrase_01_lower_third_safe__fr.mp4,removed_duplicate,multilingual render/evidence,726461,6b9c63380c87b043b962870b9deaced28769df8138d606343a730002b45432d8,6b9c63380c87b043b962870b9deaced28769df8138d606343a730002b45432d8,4,pass,h264,1920,1080,5.000000,remove_duplicate,byte-identical to canonical same-directory collection linked from extractor_phrase_report_v4.json; exact SHA-256 pairing verified; flat paths unreferenced outside inventory
multilingual_overlays_v1/production_rehearsal_v1/extractor_phrase_artifacts_v4/phrase_01_lower_third_safe__id.mp4,removed_duplicate,multilingual render/evidence,503485,f0f8166844297fac27b85118968b6980f4a4fd4b0943eb589ad1e30b8b43dfd1,f0f8166844297fac27b85118968b6980f4a4fd4b0943eb589ad1e30b8b43dfd1,4,pass,h264,1920,1080,5.000000,remove_duplicate,byte-identical to canonical same-directory collection linked from extractor_phrase_report_v4.json; exact SHA-256 pairing verified; flat paths unreferenced outside inventory
multilingual_overlays_v1/production_rehearsal_v1/extractor_phrase_artifacts_v4/phrase_01_lower_third_safe__it.mp4,removed_duplicate,multilingual render/evidence,495864,db21562fbb01d0f9ed3173e3b508d395d583ea6eb773556f9e46a33e2f869c55,db21562fbb01d0f9ed3173e3b508d395d583ea6eb773556f9e46a33e2f869c55,4,pass,h264,1920,1080,5.000000,remove_duplicate,byte-identical to canonical same-directory collection linked from extractor_phrase_report_v4.json; exact SHA-256 pairing verified; flat paths unreferenced outside inventory
multilingual_overlays_v1/production_rehearsal_v1/extractor_phrase_artifacts_v4/phrase_01_lower_third_safe__pl.mp4,removed_duplicate,multilingual render/evidence,513567,c468ebe318198c09818541c486b9ed183283e9f8a5c845f147e15d24c180e1be,c468ebe318198c09818541c486b9ed183283e9f8a5c845f147e15d24c180e1be,4,pass,h264,1920,1080,5.000000,remove_duplicate,byte-identical to canonical same-directory collection linked from extractor_phrase_report_v4.json; exact SHA-256 pairing verified; flat paths unreferenced outside inventory
multilingual_overlays_v1/production_rehearsal_v1/extractor_phrase_artifacts_v4/phrase_01_lower_third_safe__pt-BR.mp4,removed_duplicate,multilingual render/evidence,520470,40f66075e50d02c2c2c59eb00162c6f22eb87586f1371499fdd8ec454785fa6b,40f66075e50d02c2c2c59eb00162c6f22eb87586f1371499fdd8ec454785fa6b,4,pass,h264,1920,1080,5.000000,remove_duplicate,byte-identical to canonical same-directory collection linked from extractor_phrase_report_v4.json; exact SHA-256 pairing verified; flat paths unreferenced outside inventory
multilingual_overlays_v1/production_rehearsal_v1/extractor_phrase_artifacts_v4/phrase_01_lower_third_safe__ru.mp4,removed_duplicate,multilingual render/evidence,760802,103917f3f8fae2bb7fc1cdac57d7dd18c27c9f42d13bbfdf03d7d02f71bb4b77,103917f3f8fae2bb7fc1cdac57d7dd18c27c9f42d13bbfdf03d7d02f71bb4b77,3,pass,h264,1920,1080,5.000000,remove_duplicate,byte-identical to canonical same-directory collection linked from extractor_phrase_report_v4.json; exact SHA-256 pairing verified; flat paths unreferenced outside inventory
multilingual_overlays_v1/production_rehearsal_v1/extractor_phrase_artifacts_v4/phrase_01_lower_third_safe__tr.mp4,removed_duplicate,multilingual render/evidence,425615,49eb8fad7f570d5a77f01973665abb172678eabeeb530939ec366862ae8e1d02,49eb8fad7f570d5a77f01973665abb172678eabeeb530939ec366862ae8e1d02,4,pass,h264,1920,1080,5.000000,remove_duplicate,byte-identical to canonical same-directory collection linked from extractor_phrase_report_v4.json; exact SHA-256 pairing verified; flat paths unreferenced outside inventory
multilingual_overlays_v1/production_rehearsal_v1/extractor_phrase_artifacts_v4/phrase_02_clean_slide_up__de.mp4,removed_duplicate,multilingual render/evidence,515163,5d0d6ea8532c6f63a83ebeac3bfb94700619239808ce413b5a316b6a0349c01f,5d0d6ea8532c6f63a83ebeac3bfb94700619239808ce413b5a316b6a0349c01f,3,pass,h264,1920,1080,5.000000,remove_duplicate,byte-identical to canonical same-directory collection linked from extractor_phrase_report_v4.json; exact SHA-256 pairing verified; flat paths unreferenced outside inventory
multilingual_overlays_v1/production_rehearsal_v1/extractor_phrase_artifacts_v4/phrase_02_clean_slide_up__en.mp4,removed_duplicate,multilingual render/evidence,644074,d41ae95b4b9ccad1a2932ac0e139222ae2f18f1d2f8243abcdaa6d58e89587d3,d41ae95b4b9ccad1a2932ac0e139222ae2f18f1d2f8243abcdaa6d58e89587d3,3,pass,h264,1920,1080,5.000000,remove_duplicate,byte-identical to canonical same-directory collection linked from extractor_phrase_report_v4.json; exact SHA-256 pairing verified; flat paths unreferenced outside inventory
multilingual_overlays_v1/production_rehearsal_v1/extractor_phrase_artifacts_v4/phrase_02_clean_slide_up__es.mp4,removed_duplicate,multilingual render/evidence,644620,cc04d3c9abf93639373f10b42dc82c79e4b9db2e9cfbda805eba3743af4295a2,cc04d3c9abf93639373f10b42dc82c79e4b9db2e9cfbda805eba3743af4295a2,3,pass,h264,1920,1080,5.000000,remove_duplicate,byte-identical to canonical same-directory collection linked from extractor_phrase_report_v4.json; exact SHA-256 pairing verified; flat paths unreferenced outside inventory
multilingual_overlays_v1/production_rehearsal_v1/extractor_phrase_artifacts_v4/phrase_02_clean_slide_up__fr.mp4,removed_duplicate,multilingual render/evidence,720455,07d3b5b6e1ac1a2ede08797071257ccceb57b12c78b275687a9514c8b971732c,07d3b5b6e1ac1a2ede08797071257ccceb57b12c78b275687a9514c8b971732c,3,pass,h264,1920,1080,5.000000,remove_duplicate,byte-identical to canonical same-directory collection linked from extractor_phrase_report_v4.json; exact SHA-256 pairing verified; flat paths unreferenced outside inventory
multilingual_overlays_v1/production_rehearsal_v1/extractor_phrase_artifacts_v4/phrase_02_clean_slide_up__id.mp4,removed_duplicate,multilingual render/evidence,510462,ff6692e6e2282ed27fab2b762a9487f91bcaa4e7d999e01dfecdef1ddc68b3ba,ff6692e6e2282ed27fab2b762a9487f91bcaa4e7d999e01dfecdef1ddc68b3ba,3,pass,h264,1920,1080,5.000000,remove_duplicate,byte-identical to canonical same-directory collection linked from extractor_phrase_report_v4.json; exact SHA-256 pairing verified; flat paths unreferenced outside inventory
multilingual_overlays_v1/production_rehearsal_v1/extractor_phrase_artifacts_v4/phrase_02_clean_slide_up__it.mp4,removed_duplicate,multilingual render/evidence,705803,5cd5817fbbcc31d95796be262e72b8bef1fde67225a7cb39b368e4743012bb25,5cd5817fbbcc31d95796be262e72b8bef1fde67225a7cb39b368e4743012bb25,3,pass,h264,1920,1080,5.000000,remove_duplicate,byte-identical to canonical same-directory collection linked from extractor_phrase_report_v4.json; exact SHA-256 pairing verified; flat paths unreferenced outside inventory
multilingual_overlays_v1/production_rehearsal_v1/extractor_phrase_artifacts_v4/phrase_02_clean_slide_up__pl.mp4,removed_duplicate,multilingual render/evidence,551400,a9ed3ff22a571825b83a571accb1f53ccfd4e4bfa0fa7b0e6c59d879af608f25,a9ed3ff22a571825b83a571accb1f53ccfd4e4bfa0fa7b0e6c59d879af608f25,3,pass,h264,1920,1080,5.000000,remove_duplicate,byte-identical to canonical same-directory collection linked from extractor_phrase_report_v4.json; exact SHA-256 pairing verified; flat paths unreferenced outside inventory
multilingual_overlays_v1/production_rehearsal_v1/extractor_phrase_artifacts_v4/phrase_02_clean_slide_up__pt-BR.mp4,removed_duplicate,multilingual render/evidence,974230,ebc363b9fd6222cf135280702c4e79600884e45a6c8a0c5921317a868144c748,ebc363b9fd6222cf135280702c4e79600884e45a6c8a0c5921317a868144c748,3,pass,h264,1920,1080,5.000000,remove_duplicate,byte-identical to canonical same-directory collection linked from extractor_phrase_report_v4.json; exact SHA-256 pairing verified; flat paths unreferenced outside inventory
multilingual_overlays_v1/production_rehearsal_v1/extractor_phrase_artifacts_v4/phrase_02_clean_slide_up__ru.mp4,removed_duplicate,multilingual render/evidence,863039,aef809c33b13ea2675748bb23ab52937012d321ec23e95de68ecca3dbefac173,aef809c33b13ea2675748bb23ab52937012d321ec23e95de68ecca3dbefac173,2,pass,h264,1920,1080,5.000000,remove_duplicate,byte-identical to canonical same-directory collection linked from extractor_phrase_report_v4.json; exact SHA-256 pairing verified; flat paths unreferenced outside inventory
multilingual_overlays_v1/production_rehearsal_v1/extractor_phrase_artifacts_v4/phrase_02_clean_slide_up__tr.mp4,removed_duplicate,multilingual render/evidence,503545,dbf58b359b0af79d3ef66c8b38e0bb60c628b025d3a32ea31df13ce55b68e1a7,dbf58b359b0af79d3ef66c8b38e0bb60c628b025d3a32ea31df13ce55b68e1a7,3,pass,h264,1920,1080,5.000000,remove_duplicate,byte-identical to canonical same-directory collection linked from extractor_phrase_report_v4.json; exact SHA-256 pairing verified; flat paths unreferenced outside inventory
multilingual_overlays_v1/production_rehearsal_v1/extractor_phrase_artifacts_v4/phrase_03_scale_pop__de.mp4,removed_duplicate,multilingual render/evidence,603744,a5947402263c2deaeaa4312a85c27327102c700d3e8b979ffc15250f51fcf8eb,a5947402263c2deaeaa4312a85c27327102c700d3e8b979ffc15250f51fcf8eb,3,pass,h264,1920,1080,5.000000,remove_duplicate,byte-identical to canonical same-directory collection linked from extractor_phrase_report_v4.json; exact SHA-256 pairing verified; flat paths unreferenced outside inventory
multilingual_overlays_v1/production_rehearsal_v1/extractor_phrase_artifacts_v4/phrase_03_scale_pop__en.mp4,removed_duplicate,multilingual render/evidence,515310,46d32625f307271155c1a0dcb8a0105f65743d35b5c6dfb0e98862f4ae8d0f9f,46d32625f307271155c1a0dcb8a0105f65743d35b5c6dfb0e98862f4ae8d0f9f,3,pass,h264,1920,1080,5.000000,remove_duplicate,byte-identical to canonical same-directory collection linked from extractor_phrase_report_v4.json; exact SHA-256 pairing verified; flat paths unreferenced outside inventory
multilingual_overlays_v1/production_rehearsal_v1/extractor_phrase_artifacts_v4/phrase_03_scale_pop__es.mp4,removed_duplicate,multilingual render/evidence,560155,c69ff436a929792bff0e5cfa8861bba7621b0f2ffd106f863d9113647ad4e7a5,c69ff436a929792bff0e5cfa8861bba7621b0f2ffd106f863d9113647ad4e7a5,3,pass,h264,1920,1080,5.000000,remove_duplicate,byte-identical to canonical same-directory collection linked from extractor_phrase_report_v4.json; exact SHA-256 pairing verified; flat paths unreferenced outside inventory
multilingual_overlays_v1/production_rehearsal_v1/extractor_phrase_artifacts_v4/phrase_03_scale_pop__fr.mp4,removed_duplicate,multilingual render/evidence,608118,024add67b4156ffeed1b98afad8291bc53663c33018467b85f417fa242375f62,024add67b4156ffeed1b98afad8291bc53663c33018467b85f417fa242375f62,3,pass,h264,1920,1080,5.000000,remove_duplicate,byte-identical to canonical same-directory collection linked from extractor_phrase_report_v4.json; exact SHA-256 pairing verified; flat paths unreferenced outside inventory
multilingual_overlays_v1/production_rehearsal_v1/extractor_phrase_artifacts_v4/phrase_03_scale_pop__id.mp4,removed_duplicate,multilingual render/evidence,560405,5f7b56eb126a0e7503dddc76cd31b6157b4f621e5ceb8417ded60956f8bd531e,5f7b56eb126a0e7503dddc76cd31b6157b4f621e5ceb8417ded60956f8bd531e,3,pass,h264,1920,1080,5.000000,remove_duplicate,byte-identical to canonical same-directory collection linked from extractor_phrase_report_v4.json; exact SHA-256 pairing verified; flat paths unreferenced outside inventory
multilingual_overlays_v1/production_rehearsal_v1/extractor_phrase_artifacts_v4/phrase_03_scale_pop__it.mp4,removed_duplicate,multilingual render/evidence,552693,cb60c6058dda0c32cf4e5af87e0cdffc4208fd367a130d9c9e6aa7bec6892c01,cb60c6058dda0c32cf4e5af87e0cdffc4208fd367a130d9c9e6aa7bec6892c01,3,pass,h264,1920,1080,5.000000,remove_duplicate,byte-identical to canonical same-directory collection linked from extractor_phrase_report_v4.json; exact SHA-256 pairing verified; flat paths unreferenced outside inventory
multilingual_overlays_v1/production_rehearsal_v1/extractor_phrase_artifacts_v4/phrase_03_scale_pop__pl.mp4,removed_duplicate,multilingual render/evidence,745084,80f384f7689e4eaa0a783f97bbb754989a41fca5fd0856ac89ea6a08ea63cb9e,80f384f7689e4eaa0a783f97bbb754989a41fca5fd0856ac89ea6a08ea63cb9e,3,pass,h264,1920,1080,5.000000,remove_duplicate,byte-identical to canonical same-directory collection linked from extractor_phrase_report_v4.json; exact SHA-256 pairing verified; flat paths unreferenced outside inventory
multilingual_overlays_v1/production_rehearsal_v1/extractor_phrase_artifacts_v4/phrase_03_scale_pop__pt-BR.mp4,removed_duplicate,multilingual render/evidence,570747,442a431b350d80fa39b85f007a344f6b9f3335396215d7becf675e244f41d48e,442a431b350d80fa39b85f007a344f6b9f3335396215d7becf675e244f41d48e,3,pass,h264,1920,1080,5.000000,remove_duplicate,byte-identical to canonical same-directory collection linked from extractor_phrase_report_v4.json; exact SHA-256 pairing verified; flat paths unreferenced outside inventory
multilingual_overlays_v1/production_rehearsal_v1/extractor_phrase_artifacts_v4/phrase_03_scale_pop__ru.mp4,removed_duplicate,multilingual render/evidence,819255,9e69e0b412b076cdde7bead0f02f048143e87d1daabc57cc62733bec4e5acf5e,9e69e0b412b076cdde7bead0f02f048143e87d1daabc57cc62733bec4e5acf5e,2,pass,h264,1920,1080,5.000000,remove_duplicate,byte-identical to canonical same-directory collection linked from extractor_phrase_report_v4.json; exact SHA-256 pairing verified; flat paths unreferenced outside inventory
multilingual_overlays_v1/production_rehearsal_v1/extractor_phrase_artifacts_v4/phrase_03_scale_pop__tr.mp4,removed_duplicate,multilingual render/evidence,363021,cac845e645bffda0c7db2ddbdfa99111ec9465e57d85afe26be5735ba376bf20,cac845e645bffda0c7db2ddbdfa99111ec9465e57d85afe26be5735ba376bf20,3,pass,h264,1920,1080,5.000000,remove_duplicate,byte-identical to canonical same-directory collection linked from extractor_phrase_report_v4.json; exact SHA-256 pairing verified; flat paths unreferenced outside inventory
multilingual_overlays_v1/production_rehearsal_v1/extractor_phrase_artifacts_v4/phrases/phrases/ml-production-rehearsal-extracted-v4-20260920-phrase_01_lower_third_safe__de.mp4,present,multilingual render/evidence,454243,35e872292c99e351a00333d995821c0919b6f4ac3b11e743efa08513c2ff976e,35e872292c99e351a00333d995821c0919b6f4ac3b11e743efa08513c2ff976e,4,pass,h264,1920,1080,5.000000,retain,linked from report/snapshot and historical evidence; retain pending archive/owner retention
multilingual_overlays_v1/production_rehearsal_v1/extractor_phrase_artifacts_v4/phrases/phrases/ml-production-rehearsal-extracted-v4-20260920-phrase_01_lower_third_safe__en.mp4,present,multilingual render/evidence,422684,cb9eee631bcf795bcff7ecc1cfe161d636fe0022e418b6fbfc99f2d44397a2b7,cb9eee631bcf795bcff7ecc1cfe161d636fe0022e418b6fbfc99f2d44397a2b7,4,pass,h264,1920,1080,5.000000,retain,linked from report/snapshot and historical evidence; retain pending archive/owner retention
multilingual_overlays_v1/production_rehearsal_v1/extractor_phrase_artifacts_v4/phrases/phrases/ml-production-rehearsal-extracted-v4-20260920-phrase_01_lower_third_safe__es.mp4,present,multilingual render/evidence,544444,f159a543b1343c03633d4dd6928a7fa8f2056c7f67d083e0a56538e53442b106,f159a543b1343c03633d4dd6928a7fa8f2056c7f67d083e0a56538e53442b106,4,pass,h264,1920,1080,5.000000,retain,linked from report/snapshot and historical evidence; retain pending archive/owner retention
multilingual_overlays_v1/production_rehearsal_v1/extractor_phrase_artifacts_v4/phrases/phrases/ml-production-rehearsal-extracted-v4-20260920-phrase_01_lower_third_safe__fr.mp4,present,multilingual render/evidence,726461,6b9c63380c87b043b962870b9deaced28769df8138d606343a730002b45432d8,6b9c63380c87b043b962870b9deaced28769df8138d606343a730002b45432d8,4,pass,h264,1920,1080,5.000000,retain,linked from report/snapshot and historical evidence; retain pending archive/owner retention
multilingual_overlays_v1/production_rehearsal_v1/extractor_phrase_artifacts_v4/phrases/phrases/ml-production-rehearsal-extracted-v4-20260920-phrase_01_lower_third_safe__id.mp4,present,multilingual render/evidence,503485,f0f8166844297fac27b85118968b6980f4a4fd4b0943eb589ad1e30b8b43dfd1,f0f8166844297fac27b85118968b6980f4a4fd4b0943eb589ad1e30b8b43dfd1,4,pass,h264,1920,1080,5.000000,retain,linked from report/snapshot and historical evidence; retain pending archive/owner retention
multilingual_overlays_v1/production_rehearsal_v1/extractor_phrase_artifacts_v4/phrases/phrases/ml-production-rehearsal-extracted-v4-20260920-phrase_01_lower_third_safe__it.mp4,present,multilingual render/evidence,495864,db21562fbb01d0f9ed3173e3b508d395d583ea6eb773556f9e46a33e2f869c55,db21562fbb01d0f9ed3173e3b508d395d583ea6eb773556f9e46a33e2f869c55,4,pass,h264,1920,1080,5.000000,retain,linked from report/snapshot and historical evidence; retain pending archive/owner retention
multilingual_overlays_v1/production_rehearsal_v1/extractor_phrase_artifacts_v4/phrases/phrases/ml-production-rehearsal-extracted-v4-20260920-phrase_01_lower_third_safe__pl.mp4,present,multilingual render/evidence,513567,c468ebe318198c09818541c486b9ed183283e9f8a5c845f147e15d24c180e1be,c468ebe318198c09818541c486b9ed183283e9f8a5c845f147e15d24c180e1be,4,pass,h264,1920,1080,5.000000,retain,linked from report/snapshot and historical evidence; retain pending archive/owner retention
multilingual_overlays_v1/production_rehearsal_v1/extractor_phrase_artifacts_v4/phrases/phrases/ml-production-rehearsal-extracted-v4-20260920-phrase_01_lower_third_safe__pt-BR.mp4,present,multilingual render/evidence,520470,40f66075e50d02c2c2c59eb00162c6f22eb87586f1371499fdd8ec454785fa6b,40f66075e50d02c2c2c59eb00162c6f22eb87586f1371499fdd8ec454785fa6b,4,pass,h264,1920,1080,5.000000,retain,linked from report/snapshot and historical evidence; retain pending archive/owner retention
multilingual_overlays_v1/production_rehearsal_v1/extractor_phrase_artifacts_v4/phrases/phrases/ml-production-rehearsal-extracted-v4-20260920-phrase_01_lower_third_safe__ru.mp4,present,multilingual render/evidence,760802,103917f3f8fae2bb7fc1cdac57d7dd18c27c9f42d13bbfdf03d7d02f71bb4b77,103917f3f8fae2bb7fc1cdac57d7dd18c27c9f42d13bbfdf03d7d02f71bb4b77,3,pass,h264,1920,1080,5.000000,retain,linked from report/snapshot and historical evidence; retain pending archive/owner retention
multilingual_overlays_v1/production_rehearsal_v1/extractor_phrase_artifacts_v4/phrases/phrases/ml-production-rehearsal-extracted-v4-20260920-phrase_01_lower_third_safe__tr.mp4,present,multilingual render/evidence,425615,49eb8fad7f570d5a77f01973665abb172678eabeeb530939ec366862ae8e1d02,49eb8fad7f570d5a77f01973665abb172678eabeeb530939ec366862ae8e1d02,4,pass,h264,1920,1080,5.000000,retain,linked from report/snapshot and historical evidence; retain pending archive/owner retention
multilingual_overlays_v1/production_rehearsal_v1/extractor_phrase_artifacts_v4/phrases/phrases/ml-production-rehearsal-extracted-v4-20260920-phrase_02_clean_slide_up__de.mp4,present,multilingual render/evidence,515163,5d0d6ea8532c6f63a83ebeac3bfb94700619239808ce413b5a316b6a0349c01f,5d0d6ea8532c6f63a83ebeac3bfb94700619239808ce413b5a316b6a0349c01f,3,pass,h264,1920,1080,5.000000,retain,linked from report/snapshot and historical evidence; retain pending archive/owner retention
multilingual_overlays_v1/production_rehearsal_v1/extractor_phrase_artifacts_v4/phrases/phrases/ml-production-rehearsal-extracted-v4-20260920-phrase_02_clean_slide_up__en.mp4,present,multilingual render/evidence,644074,d41ae95b4b9ccad1a2932ac0e139222ae2f18f1d2f8243abcdaa6d58e89587d3,d41ae95b4b9ccad1a2932ac0e139222ae2f18f1d2f8243abcdaa6d58e89587d3,3,pass,h264,1920,1080,5.000000,retain,linked from report/snapshot and historical evidence; retain pending archive/owner retention
multilingual_overlays_v1/production_rehearsal_v1/extractor_phrase_artifacts_v4/phrases/phrases/ml-production-rehearsal-extracted-v4-20260920-phrase_02_clean_slide_up__es.mp4,present,multilingual render/evidence,644620,cc04d3c9abf93639373f10b42dc82c79e4b9db2e9cfbda805eba3743af4295a2,cc04d3c9abf93639373f10b42dc82c79e4b9db2e9cfbda805eba3743af4295a2,3,pass,h264,1920,1080,5.000000,retain,linked from report/snapshot and historical evidence; retain pending archive/owner retention
multilingual_overlays_v1/production_rehearsal_v1/extractor_phrase_artifacts_v4/phrases/phrases/ml-production-rehearsal-extracted-v4-20260920-phrase_02_clean_slide_up__fr.mp4,present,multilingual render/evidence,720455,07d3b5b6e1ac1a2ede08797071257ccceb57b12c78b275687a9514c8b971732c,07d3b5b6e1ac1a2ede08797071257ccceb57b12c78b275687a9514c8b971732c,3,pass,h264,1920,1080,5.000000,retain,linked from report/snapshot and historical evidence; retain pending archive/owner retention
multilingual_overlays_v1/production_rehearsal_v1/extractor_phrase_artifacts_v4/phrases/phrases/ml-production-rehearsal-extracted-v4-20260920-phrase_02_clean_slide_up__id.mp4,present,multilingual render/evidence,510462,ff6692e6e2282ed27fab2b762a9487f91bcaa4e7d999e01dfecdef1ddc68b3ba,ff6692e6e2282ed27fab2b762a9487f91bcaa4e7d999e01dfecdef1ddc68b3ba,3,pass,h264,1920,1080,5.000000,retain,linked from report/snapshot and historical evidence; retain pending archive/owner retention
multilingual_overlays_v1/production_rehearsal_v1/extractor_phrase_artifacts_v4/phrases/phrases/ml-production-rehearsal-extracted-v4-20260920-phrase_02_clean_slide_up__it.mp4,present,multilingual render/evidence,705803,5cd5817fbbcc31d95796be262e72b8bef1fde67225a7cb39b368e4743012bb25,5cd5817fbbcc31d95796be262e72b8bef1fde67225a7cb39b368e4743012bb25,3,pass,h264,1920,1080,5.000000,retain,linked from report/snapshot and historical evidence; retain pending archive/owner retention
multilingual_overlays_v1/production_rehearsal_v1/extractor_phrase_artifacts_v4/phrases/phrases/ml-production-rehearsal-extracted-v4-20260920-phrase_02_clean_slide_up__pl.mp4,present,multilingual render/evidence,551400,a9ed3ff22a571825b83a571accb1f53ccfd4e4bfa0fa7b0e6c59d879af608f25,a9ed3ff22a571825b83a571accb1f53ccfd4e4bfa0fa7b0e6c59d879af608f25,3,pass,h264,1920,1080,5.000000,retain,linked from report/snapshot and historical evidence; retain pending archive/owner retention
multilingual_overlays_v1/production_rehearsal_v1/extractor_phrase_artifacts_v4/phrases/phrases/ml-production-rehearsal-extracted-v4-20260920-phrase_02_clean_slide_up__pt-BR.mp4,present,multilingual render/evidence,974230,ebc363b9fd6222cf135280702c4e79600884e45a6c8a0c5921317a868144c748,ebc363b9fd6222cf135280702c4e79600884e45a6c8a0c5921317a868144c748,3,pass,h264,1920,1080,5.000000,retain,linked from report/snapshot and historical evidence; retain pending archive/owner retention
multilingual_overlays_v1/production_rehearsal_v1/extractor_phrase_artifacts_v4/phrases/phrases/ml-production-rehearsal-extracted-v4-20260920-phrase_02_clean_slide_up__ru.mp4,present,multilingual render/evidence,863039,aef809c33b13ea2675748bb23ab52937012d321ec23e95de68ecca3dbefac173,aef809c33b13ea2675748bb23ab52937012d321ec23e95de68ecca3dbefac173,2,pass,h264,1920,1080,5.000000,retain,linked from report/snapshot and historical evidence; retain pending archive/owner retention
multilingual_overlays_v1/production_rehearsal_v1/extractor_phrase_artifacts_v4/phrases/phrases/ml-production-rehearsal-extracted-v4-20260920-phrase_02_clean_slide_up__tr.mp4,present,multilingual render/evidence,503545,dbf58b359b0af79d3ef66c8b38e0bb60c628b025d3a32ea31df13ce55b68e1a7,dbf58b359b0af79d3ef66c8b38e0bb60c628b025d3a32ea31df13ce55b68e1a7,3,pass,h264,1920,1080,5.000000,retain,linked from report/snapshot and historical evidence; retain pending archive/owner retention
multilingual_overlays_v1/production_rehearsal_v1/extractor_phrase_artifacts_v4/phrases/phrases/ml-production-rehearsal-extracted-v4-20260920-phrase_03_scale_pop__de.mp4,present,multilingual render/evidence,603744,a5947402263c2deaeaa4312a85c27327102c700d3e8b979ffc15250f51fcf8eb,a5947402263c2deaeaa4312a85c27327102c700d3e8b979ffc15250f51fcf8eb,3,pass,h264,1920,1080,5.000000,retain,linked from report/snapshot and historical evidence; retain pending archive/owner retention
multilingual_overlays_v1/production_rehearsal_v1/extractor_phrase_artifacts_v4/phrases/phrases/ml-production-rehearsal-extracted-v4-20260920-phrase_03_scale_pop__en.mp4,present,multilingual render/evidence,515310,46d32625f307271155c1a0dcb8a0105f65743d35b5c6dfb0e98862f4ae8d0f9f,46d32625f307271155c1a0dcb8a0105f65743d35b5c6dfb0e98862f4ae8d0f9f,3,pass,h264,1920,1080,5.000000,retain,linked from report/snapshot and historical evidence; retain pending archive/owner retention
multilingual_overlays_v1/production_rehearsal_v1/extractor_phrase_artifacts_v4/phrases/phrases/ml-production-rehearsal-extracted-v4-20260920-phrase_03_scale_pop__es.mp4,present,multilingual render/evidence,560155,c69ff436a929792bff0e5cfa8861bba7621b0f2ffd106f863d9113647ad4e7a5,c69ff436a929792bff0e5cfa8861bba7621b0f2ffd106f863d9113647ad4e7a5,3,pass,h264,1920,1080,5.000000,retain,linked from report/snapshot and historical evidence; retain pending archive/owner retention
multilingual_overlays_v1/production_rehearsal_v1/extractor_phrase_artifacts_v4/phrases/phrases/ml-production-rehearsal-extracted-v4-20260920-phrase_03_scale_pop__fr.mp4,present,multilingual render/evidence,608118,024add67b4156ffeed1b98afad8291bc53663c33018467b85f417fa242375f62,024add67b4156ffeed1b98afad8291bc53663c33018467b85f417fa242375f62,3,pass,h264,1920,1080,5.000000,retain,linked from report/snapshot and historical evidence; retain pending archive/owner retention
multilingual_overlays_v1/production_rehearsal_v1/extractor_phrase_artifacts_v4/phrases/phrases/ml-production-rehearsal-extracted-v4-20260920-phrase_03_scale_pop__id.mp4,present,multilingual render/evidence,560405,5f7b56eb126a0e7503dddc76cd31b6157b4f621e5ceb8417ded60956f8bd531e,5f7b56eb126a0e7503dddc76cd31b6157b4f621e5ceb8417ded60956f8bd531e,3,pass,h264,1920,1080,5.000000,retain,linked from report/snapshot and historical evidence; retain pending archive/owner retention
multilingual_overlays_v1/production_rehearsal_v1/extractor_phrase_artifacts_v4/phrases/phrases/ml-production-rehearsal-extracted-v4-20260920-phrase_03_scale_pop__it.mp4,present,multilingual render/evidence,552693,cb60c6058dda0c32cf4e5af87e0cdffc4208fd367a130d9c9e6aa7bec6892c01,cb60c6058dda0c32cf4e5af87e0cdffc4208fd367a130d9c9e6aa7bec6892c01,3,pass,h264,1920,1080,5.000000,retain,linked from report/snapshot and historical evidence; retain pending archive/owner retention
multilingual_overlays_v1/production_rehearsal_v1/extractor_phrase_artifacts_v4/phrases/phrases/ml-production-rehearsal-extracted-v4-20260920-phrase_03_scale_pop__pl.mp4,present,multilingual render/evidence,745084,80f384f7689e4eaa0a783f97bbb754989a41fca5fd0856ac89ea6a08ea63cb9e,80f384f7689e4eaa0a783f97bbb754989a41fca5fd0856ac89ea6a08ea63cb9e,3,pass,h264,1920,1080,5.000000,retain,linked from report/snapshot and historical evidence; retain pending archive/owner retention
multilingual_overlays_v1/production_rehearsal_v1/extractor_phrase_artifacts_v4/phrases/phrases/ml-production-rehearsal-extracted-v4-20260920-phrase_03_scale_pop__pt-BR.mp4,present,multilingual render/evidence,570747,442a431b350d80fa39b85f007a344f6b9f3335396215d7becf675e244f41d48e,442a431b350d80fa39b85f007a344f6b9f3335396215d7becf675e244f41d48e,3,pass,h264,1920,1080,5.000000,retain,linked from report/snapshot and historical evidence; retain pending archive/owner retention
multilingual_overlays_v1/production_rehearsal_v1/extractor_phrase_artifacts_v4/phrases/phrases/ml-production-rehearsal-extracted-v4-20260920-phrase_03_scale_pop__ru.mp4,present,multilingual render/evidence,819255,9e69e0b412b076cdde7bead0f02f048143e87d1daabc57cc62733bec4e5acf5e,9e69e0b412b076cdde7bead0f02f048143e87d1daabc57cc62733bec4e5acf5e,2,pass,h264,1920,1080,5.000000,retain,linked from report/snapshot and historical evidence; retain pending archive/owner retention
multilingual_overlays_v1/production_rehearsal_v1/extractor_phrase_artifacts_v4/phrases/phrases/ml-production-rehearsal-extracted-v4-20260920-phrase_03_scale_pop__tr.mp4,present,multilingual render/evidence,363021,cac845e645bffda0c7db2ddbdfa99111ec9465e57d85afe26be5735ba376bf20,cac845e645bffda0c7db2ddbdfa99111ec9465e57d85afe26be5735ba376bf20,3,pass,h264,1920,1080,5.000000,retain,linked from report/snapshot and historical evidence; retain pending archive/owner retention
multilingual_overlays_v1/production_rehearsal_v1/runtime2_artifacts/phrases/ml-production-rehearsal-runtime2-20260920-phrase_01_lower_third_safe__de.mp4,present,multilingual render/evidence,1397767,45bd958ddb664f230996345680532d476cf998933c846380608041e33b374aa9,,1,pass,h264,1920,1080,5.000000,retain,linked from report/snapshot and historical evidence; retain pending archive/owner retention
multilingual_overlays_v1/production_rehearsal_v1/runtime2_artifacts/phrases/ml-production-rehearsal-runtime2-20260920-phrase_01_lower_third_safe__en.mp4,present,multilingual render/evidence,1422793,dda059f0eef11304730b810e0111fb2a0c33921b4196a741391a6ac92f983ec5,,1,pass,h264,1920,1080,5.000000,retain,linked from report/snapshot and historical evidence; retain pending archive/owner retention
multilingual_overlays_v1/production_rehearsal_v1/runtime2_artifacts/phrases/ml-production-rehearsal-runtime2-20260920-phrase_01_lower_third_safe__es.mp4,present,multilingual render/evidence,1405297,c36f473673fe97a3f57bc47ebc902c124d26fc7e677f6696b0efde8a0d633396,,1,pass,h264,1920,1080,5.000000,retain,linked from report/snapshot and historical evidence; retain pending archive/owner retention
multilingual_overlays_v1/production_rehearsal_v1/runtime2_artifacts/phrases/ml-production-rehearsal-runtime2-20260920-phrase_01_lower_third_safe__fr.mp4,present,multilingual render/evidence,1403303,83b44c5135ddea37a320329268a6ff0a692e0bb9d2002cb5231cdb5bfd878f68,,1,pass,h264,1920,1080,5.000000,retain,linked from report/snapshot and historical evidence; retain pending archive/owner retention
multilingual_overlays_v1/production_rehearsal_v1/runtime2_artifacts/phrases/ml-production-rehearsal-runtime2-20260920-phrase_01_lower_third_safe__id.mp4,present,multilingual render/evidence,1403950,834a841635799a82843bff22fd8ff0a48387151a21ed84a0ccc43b42dc38ea0c,,1,pass,h264,1920,1080,5.000000,retain,linked from report/snapshot and historical evidence; retain pending archive/owner retention
multilingual_overlays_v1/production_rehearsal_v1/runtime2_artifacts/phrases/ml-production-rehearsal-runtime2-20260920-phrase_01_lower_third_safe__it.mp4,present,multilingual render/evidence,1417356,6b22c33b6af8934e54ebe81a90cf8e2d67dc444d3a64d196d8bb05faabdea1df,,1,pass,h264,1920,1080,5.000000,retain,linked from report/snapshot and historical evidence; retain pending archive/owner retention
multilingual_overlays_v1/production_rehearsal_v1/runtime2_artifacts/phrases/ml-production-rehearsal-runtime2-20260920-phrase_01_lower_third_safe__pl.mp4,present,multilingual render/evidence,1424524,2dfeab5c924d575ed4e62e660e2155835bff5097ed8ed4f14737c0e23668d38a,,1,pass,h264,1920,1080,5.000000,retain,linked from report/snapshot and historical evidence; retain pending archive/owner retention
multilingual_overlays_v1/production_rehearsal_v1/runtime2_artifacts/phrases/ml-production-rehearsal-runtime2-20260920-phrase_01_lower_third_safe__pt-BR.mp4,present,multilingual render/evidence,1429168,c6715fd5da3250d413fca7a9232aab491a9f4483e685d1ba62a501a891517a1b,,1,pass,h264,1920,1080,5.000000,retain,linked from report/snapshot and historical evidence; retain pending archive/owner retention
multilingual_overlays_v1/production_rehearsal_v1/runtime2_artifacts/phrases/ml-production-rehearsal-runtime2-20260920-phrase_01_lower_third_safe__tr.mp4,present,multilingual render/evidence,1420320,d935f528e80bd75fb5c05f5b370943e0545029061b701b8b5663dcedb82855f7,,1,pass,h264,1920,1080,5.000000,retain,linked from report/snapshot and historical evidence; retain pending archive/owner retention
renderinggen/showcase_renders/01_documentary_background.partial.mp4,removed_in_worktree,zero-byte partial output,0,,,1,not_run_missing,,,,,remove,zero-byte partial; no non-log source/docs consumer found; invalid media
testdata/golden/background.mp4,present,canonical test fixture,614174,11eeec4e47fb254dc6acc4b72405bf06f2ed7294cffa8b7a95ba76f1e8d9c70c,,1,pass,h264,1280,720,8.000000,retain,canonical test fixture; preserve
